,loss,acc,recall,precision,f1,std,params,inference_time
0,0.0002205661948919091,91.70110192837465,91.70110192837465,88.46267433772297,89.6756481978821,0.3437182267359655,8273159,70.86223101615906
1,0.0002098946252288733,92.07988980716253,92.07988980716253,88.99373733357764,89.89218318388176,0.3447737337559357,15755783,75.8915376663208
2,0.00021273909667737721,91.90771349862258,91.90771349862258,89.04295018106751,90.28812535783175,0.348254124619531,44107271,91.92654013633728
3,0.00021273909667737721,91.90771349862258,91.90771349862258,89.04295018106751,90.28812535783175,0.348254124619531,44107271,91.30821657180786
4,0.0002188896357861781,90.97796143250689,90.97796143250689,87.02929866697582,88.41440610387619,0.3406488512692859,8273159,7.632612705230713
5,0.00022086017693267218,91.39118457300276,91.39118457300276,87.87601515938431,89.02827871159403,0.34170112254886076,22448903,15.131577968597412
