{
    "loss": 1.5194284068651436,
    "acc": 91.56336088154269,
    "recall": 91.56336088154269,
    "precision": 88.95732412857423,
    "f1": 89.93900820289679
}