,model_name,loss,acc,recall,precision,f1,std
0,test_epoch19.pt,1.5361102947518845,91.8732782369146,91.8732782369146,88.7094803233336,89.546680935672,0.3435937776412413
1,test_epoch14.pt,1.5277709251592968,91.90771349862258,91.90771349862258,89.32178680140139,89.14433911408078,0.34398434366591923
2,test_epoch4.pt,1.5249882650769446,90.97796143250689,90.97796143250689,88.17999304165312,86.87689068325723,0.34854823736949836
3,test_epoch9.pt,1.514001822668659,91.2534435261708,91.2534435261708,89.24398973156444,87.50880496565192,0.34674699045024243
4,test_epoch29.pt,1.5194284068651436,91.56336088154269,91.56336088154269,88.95732412857423,89.93900820289679,0.3427642813444497
5,test_epoch24.pt,1.526415887942984,91.70110192837465,91.70110192837465,88.524969348833,89.73810358277464,0.34414272931124773
