,model_name,loss,acc,recall,precision,f1,std
0,test_epoch14.pt,1.5162853931920917,92.04545454545455,92.04545454545455,88.99354267358149,90.00655805996463,0.3452497958087514
1,test_epoch19.pt,1.513960632082516,92.01101928374655,92.01101928374655,89.12728388592942,90.349972970325,0.3483324667456411
2,test_epoch24.pt,1.5085822622966503,92.04545454545455,92.04545454545455,89.30988139686801,90.55434725599203,0.3517323305861942
3,test_epoch29.pt,1.5233299896408374,91.90771349862258,91.90771349862258,89.04295018106751,90.28812535783175,0.348254124619531
4,test_epoch4.pt,1.5161257210513448,91.15013774104683,91.15013774104683,88.44635669455766,87.27354760502465,0.34735543357842785
5,test_epoch9.pt,1.5206777451780544,91.83884297520662,91.83884297520662,88.64676912987173,89.5426000554774,0.3434657885769195
