{
    "loss": 1.5233299896408374,
    "acc": 91.90771349862258,
    "recall": 91.90771349862258,
    "precision": 89.04295018106751,
    "f1": 90.28812535783175
}