{
    "loss": 1.503232073192754,
    "acc": 91.11570247933885,
    "recall": 91.11570247933885,
    "precision": 87.52671150996511,
    "f1": 88.88792059891699
}